time,u,v,depth
1573702551.371999979,426,298,0.97299998998641967773
