time,u,v,depth
1573702401.9800000191,440,251,0.97600001096725463867
