point,loop_1,loop_2,loop_3,loop_4,loop_5,loop_1_yaw,loop_2_yaw,loop_3_yaw,loop_4_yaw,loop_5_yaw
1,,0.18808612227014626,0.6891294507876882,0.3238384216767491,0.45779217997671157,,-0.1379127928472083,0.06096125851016666,-0.043892282061565216,-0.052826236602125
2,0.7288289732859784,0.18051073545914892,1.458141507111535,0.228232967140064,0.3891812581765605,-0.0420432999452085,-0.07117563866453835,0.10699816322216704,-0.04262255109595814,0.0008511659666667892
3,0.47423095601493076,0.3028164342132259,1.5138043778528052,0.277974581164891,0.2777986950601174,-0.09753992031029136,-0.17054072209283344,-5.889850758243832,0.00561716742295859,-0.08518542792008255
4,0.5225768872325061,0.33952961175777086,0.3149516731982856,0.39542210434773356,0.25312365195796843,6.1268193300855005,6.132539745943832,6.145287766372918,6.134469087424638,6.201964020509541
5,0.35490259289171555,0.41017928991838787,0.34636216410571213,0.38248943687708087,0.3421451982577769,6.171875565204497,-0.022826411547435036,6.182223913147749,-0.030153974764566268,6.1491103940614575
6,0.44715908022550427,0.40926931240686737,0.5086639593950069,0.5292271852115399,0.5717641095818297,-0.155228193669875,-0.12863050264733333,-0.03269821670308334,-0.08032027667400002,-0.03810107677312498
7,0.37613023613076074,0.28112167960857415,0.3889831481613859,0.36682858572524824,0.36039843988796616,-0.014396048045958341,-0.17456291875783328,-0.06621568397029169,-0.030464954218750007,-0.024448456336208332
8,0.3712885395085365,0.3190689119550536,0.4343648631393329,0.2605634535462059,0.23112563633454536,-0.013687927589041693,-0.04081469546400002,-0.042330043012956536,-0.06187322536040001,-0.10537991194554168
9,0.2723955181427223,0.1877939660769955,0.2478116235754019,0.0924049418357907,0.09584258915381304,-0.12688321768212465,-0.10380935070507123,-0.1031336406231662,-0.03856429142020757,0.029585649587750232
