x,y,z,yaw,roll,pitch
7.671065544590, 8.078538243500, 0.173142964933, -1.506045455873, 0.001567660126, -0.017040026955
7.092566536270, 2.389080603860, 0.179042088117, 3.115629956209, -0.002660752495, -0.010102193355
4.643882612410, 2.316415798780, 0.183046936033, -3.130160724023, -0.003340036243, -0.008888366882
2.203336061820, 2.324179376690, 0.186508490410, -3.076821354912, 0.005532187673, -0.013074783123
3.063080344250, 5.102488773290, 0.175715034004, -0.030267452891, -0.002310502319, -0.007718052328
5.334341249320, 5.110955662400, 0.175010339509, -0.020212514151, -0.015337677513, -0.010834554387
6.874878010860, 4.963621564080, 0.174669973697, -0.063914221416, 0.000407864469, 0.004320704477
2.717789817410, 5.002896542220, 0.176701655335, 3.020669554532, 0.002013060261, -0.014866580248
3.127703240000, 8.333383138930, 0.169440933963, -0.031972748124, -0.005565350881, 0.001132468984
