time,depth
1538113449.5539999008,234,314,3.9850001335144042969
