x,y,z,yaw,roll,pitch
7.660170568450, 8.189203944750, 0.161010487954, -1.182710080755, 0.012381712558, -0.045684878046
7.095244087370, 2.175111791450, 0.179029582096, -3.032627120517, 0.006359254827, 0.009791787594
4.439924191440, 2.196027275600, 0.182142364558, -3.066000172668, -0.003837759198, -0.009411028717
2.720306923580, 2.044632945000, 0.187310397091, -3.095379537676, -0.001860605138, -0.004517802375
1.214014066510, 5.001480184050, 0.187166965431, -0.164103737927, -0.000748683669, 0.004875895168
5.168947332410, 4.952480403870, 0.175064419778, -0.039376858790, -0.010157702887, 0.000909665802
