point,loop_1,loop_2,loop_3,loop_4,loop_5,loop_1_yaw,loop_2_yaw,loop_3_yaw,loop_4_yaw,loop_5_yaw
1,,0.34861976884174206,0.4027334704816249,0.2842125995748646,0.40009967055142304,,0.06545902530170823,0.08744047256707654,0.07197277031474969,0.09527341829962488
2,0.4082932781008472,0.410349802262282,0.4354963468665119,0.36141999941149355,0.37561452566800263,0.05380854779675004,-0.09403142610170856,-0.11541789147004368,-0.09337683511174988,-0.10015469580183978
3,0.29682017226246704,0.24856283334478108,0.27495443301766104,0.2711584716312926,0.25842377235407815,0.020237652020636432,0.044617548932458284,0.04213021445350007,0.06187123278154116,0.05666333915623989
4,0.35307529622872963,0.37038737940636934,0.3908035275416065,0.32879569082179616,0.33403875153432516,0.030771395239874714,0.048165914047874285,0.037112002549874124,0.06568002983958365,0.05315252079729183
5,0.3004251008870766,0.3389980934155403,0.31564681096242114,0.3571888959720249,0.3524012053677672,0.10129599047154164,0.08029788132441668,0.08036366446433332,0.08273986844472728,0.05474387814183337
6,0.4243603874730341,0.4388766225288644,0.39981277389336517,0.431293243345717,0.43801177763612886,0.06895496377252175,0.017460809441375003,0.08224736552983332,0.06252983796775001,0.06919642103134784
7,0.4486993171834964,0.45059019771636677,0.4472785794084051,0.478737110783344,0.45468504232430623,-0.08456265683399998,-0.07760614162916665,-0.08037262063399997,-0.10158573005466667,-0.08000036804104349
8,0.17093739030287253,0.0,0.24806585107367432,0.16665468252635182,0.17091098670330804,-0.08693034747629058,0.0,-0.10449121725919984,-0.1082954158107916,-0.09153324687282582
9,0.12923701192900505,0.14685468068568291,0.11403713973097736,0.1488123000515022,,-0.0746962815943335,-0.1229124281069165,-0.09641180775058313,-0.1004151952648753,
