x,y,z,yaw,roll,pitch
7.619166451580, 2.443850968010, 0.379208598405, -1.585807353931, 0.006645104014, 0.005549748993
3.831826075120, 2.494897546060, 0.383415026162, -3.062804101816, 0.011610317346, -0.005642344970
1.446823925920, 2.238592130270, 0.388856866433, -3.096846253631, 0.013090232751, -0.000365881251
3.031969613110, 5.458240782660, 0.376699717525, 0.040751039585, 0.016689682517, 0.004418752418
5.454007163650, 5.440493225650, 0.371924221798, -0.001867713488, 0.005313384811, 0.004266032832
7.202286417940, 5.420753475810, 0.368244086583, -0.007819161717, 0.004325914340, 0.004938059657
5.319080198460, 5.439562199520, 0.372438843008, 3.126712199676, 0.013820851628, 0.004254577422
3.180584827760, 5.447851658870, 0.376509445331, 3.141429709649, 0.007318313755, -0.001712973707
7.501854860880, 8.025129399550, 0.356461019619, -1.587053802390, 0.008245926704, -0.009641327597
